,ACCESS Cloud Roadmap,ACCESS Compute Roadmap,ACCESS Storage Roadmap,ACCESS Science Gateway Roadmap,ACCESS Online Service Roadmap
ACCESS Resource Description,Yes,Yes,Yes,Yes,Yes
ACCESS Allocated,Yes,Yes,Yes,Yes,No
ACCESS Ticketing Support,Yes,Yes,Yes,No,Yes
ACCESS Enhanced Networking,Yes,Yes,Yes,No,No
ACCESS CyberSecurity Coordination,Yes,Yes,Yes,No,Yes
ACCESS System Status News,Yes,Yes,Yes,No,Yes
Globus High-Performance Data Transfer,No,Yes,Yes,No,No
ACCESS Software Publishing,Yes,Yes,No,No,No
ACCESS Open OnDemand,Yes,Yes,No,No,No
ACCESS Pegagus,Yes,Yes,No,No,No
ACCESS Documentation,Yes,Yes,Yes,No,Yes
ACCESS Training,Yes,Yes,Yes,Yes,No
ACCESS Affinity Group,Yes,Yes,Yes,Yes,No
ACCESS Usage Metrics,Yes,Yes,No,Yes,No
ACCESS Performance Metrics,Yes,Yes,Yes,No,No